{"0":{"0":-64.1750979676,"1":-64.0040571771,"2":-62.85963236,"3":-63.5846434147,"4":-63.7066313693,"5":-64.4415704462,"6":-64.2292799502}}