{"0":{"0":-74.351626733,"1":-73.9087418444,"2":-73.7765832359,"3":-73.7033381867,"4":-73.9405843234,"5":-74.0648194245,"6":-74.2817059744}}