{"0":{"0":-60.4223486891,"1":-59.2014710373,"2":-59.0494097876,"3":-59.1282693948,"4":-59.2011353714,"5":-59.8700340592,"6":-60.4226287394}}